Model,MAE,RMSE,MAPE,Month_1_Forecast,Month_2_Forecast,Month_3_Forecast
SARIMA,18031.404682589244,19009.18207606513,18.9664980786781,66177.60238427696,92049.24965321751,99965.16868526221
Prophet,20250.794412605526,22318.411332860545,21.864628273960825,51318.94385792161,90325.65478355478,90041.08447929297
XGBoost,14763.810624999998,18337.412565486276,14.481277237255794,86530.4921875,87955.140625,88256.4453125
